                  epoch,         train/box_loss,         train/cls_loss,         train/dfl_loss,   metrics/precision(B),      metrics/recall(B),       metrics/mAP50(B),    metrics/mAP50-95(B),           val/box_loss,           val/cls_loss,           val/dfl_loss,                 lr/pg0,                 lr/pg1,                 lr/pg2
                      1,                 5.8332,                 16.346,                 4.2998,                      0,                      0,                      0,                      0,                 6.1905,                 14.782,                 4.1745,                 0.0003,                 0.0003,                 0.0003
                      2,                 4.7315,                 10.046,                   3.94,                      0,                      0,                      0,                      0,                 6.2053,                 14.763,                 4.2323,             0.00060772,             0.00060772,             0.00060772
                      3,                 4.0007,                 6.7926,                 3.2049,                      0,                      0,                      0,                      0,                 6.2346,                 13.116,                  4.361,             0.00090278,             0.00090278,             0.00090278
